phase,backend,shape,seed_gflops,winner_gflops,gain_gflops,gain_percent,elapsed_seconds,tested_candidates,accepted_candidates,compile_attempts,benchmark_process_runs,stop_reason,record_path
cuda_phase2_feedback,cuda,pipeline_target,5902.788068609667,7469.909411715001,1567.121343,26.548833,1770.920827,27,26,13,,,${SCOPE_REPO}\results\experiments\runs\rq2-4060ti-512-r1\minus_local_checks\rq3_optimization_record.json
phase3_constrained_reinstantiation,cuda,512x512x512,7454.785850725333,7454.785850725333,0.0,0.0,168.391067,33,1,33,165,compilation_budget_exhausted,${SCOPE_REPO}\results\experiments\runs\rq2-4060ti-512-r1\minus_local_checks\rq3_optimization_record.json
phase3_constrained_reinstantiation,cuda,1024x1024x1024,7805.664620448333,7805.664620448333,0.0,0.0,171.785301,33,1,33,165,compilation_budget_exhausted,${SCOPE_REPO}\results\experiments\runs\rq2-4060ti-512-r1\minus_local_checks\rq3_optimization_record.json
phase3_constrained_reinstantiation,cuda,2048x2048x2048,9190.661528777668,9190.661528777668,0.0,0.0,171.881672,33,1,33,165,compilation_budget_exhausted,${SCOPE_REPO}\results\experiments\runs\rq2-4060ti-512-r1\minus_local_checks\rq3_optimization_record.json
phase3_constrained_reinstantiation,cuda,4096x4096x4096,7971.788633013333,7971.788633013333,0.0,0.0,184.979219,33,1,33,165,compilation_budget_exhausted,${SCOPE_REPO}\results\experiments\runs\rq2-4060ti-512-r1\minus_local_checks\rq3_optimization_record.json
cuda_phase2_feedback,cuda,pipeline_target,6045.233866833,6911.715822051667,866.481955,14.333307,2246.46274,52,34,14,,,${SCOPE_REPO}\results\experiments\runs\rq2-4060ti-512-r1\minus_stage_ordering\rq3_optimization_record.json
phase3_constrained_reinstantiation,cuda,512x512x512,6906.798458838333,6906.798458838333,0.0,0.0,197.426806,33,1,33,165,compilation_budget_exhausted,${SCOPE_REPO}\results\experiments\runs\rq2-4060ti-512-r1\minus_stage_ordering\rq3_optimization_record.json
phase3_constrained_reinstantiation,cuda,1024x1024x1024,,,,,204.460245,33,0,33,165,compilation_budget_exhausted,${SCOPE_REPO}\results\experiments\runs\rq2-4060ti-512-r1\minus_stage_ordering\rq3_optimization_record.json
phase3_constrained_reinstantiation,cuda,2048x2048x2048,,,,,262.976051,33,0,33,165,compilation_budget_exhausted,${SCOPE_REPO}\results\experiments\runs\rq2-4060ti-512-r1\minus_stage_ordering\rq3_optimization_record.json
phase3_constrained_reinstantiation,cuda,4096x4096x4096,,,,,730.844294,33,0,33,165,compilation_budget_exhausted,${SCOPE_REPO}\results\experiments\runs\rq2-4060ti-512-r1\minus_stage_ordering\rq3_optimization_record.json
cuda_phase2_feedback,cuda,pipeline_target,5642.359507359333,5985.934274760666,343.574767,6.089204,686.193514,38,38,5,,,${SCOPE_REPO}\results\experiments\runs\rq2-4060ti-512-r1\minus_state_in_prompt\rq3_optimization_record.json
phase3_constrained_reinstantiation,cuda,512x512x512,5976.3648398079995,5976.3648398079995,0.0,0.0,193.978095,33,1,33,165,compilation_budget_exhausted,${SCOPE_REPO}\results\experiments\runs\rq2-4060ti-512-r1\minus_state_in_prompt\rq3_optimization_record.json
phase3_constrained_reinstantiation,cuda,1024x1024x1024,8102.5538632083335,8102.5538632083335,0.0,0.0,202.292357,33,1,33,165,compilation_budget_exhausted,${SCOPE_REPO}\results\experiments\runs\rq2-4060ti-512-r1\minus_state_in_prompt\rq3_optimization_record.json
phase3_constrained_reinstantiation,cuda,2048x2048x2048,9178.373794957,9178.373794957,0.0,0.0,269.040462,33,1,33,165,compilation_budget_exhausted,${SCOPE_REPO}\results\experiments\runs\rq2-4060ti-512-r1\minus_state_in_prompt\rq3_optimization_record.json
phase3_constrained_reinstantiation,cuda,4096x4096x4096,8730.031248481,8730.031248481,0.0,0.0,815.584269,33,1,33,165,compilation_budget_exhausted,${SCOPE_REPO}\results\experiments\runs\rq2-4060ti-512-r1\minus_state_in_prompt\rq3_optimization_record.json
phase3_constrained_reinstantiation,cuda,512x512x512,6478.41,6478.41,0.0,0.0,113.35895,33,1,33,5,budget_exhausted,${SCOPE_REPO}\results\experiments\runs\rq2-4060ti-512-r1\minus_feedback_optimization\phase3_from_full_p1\512x512x512\search.json
phase3_constrained_reinstantiation,cuda,512x512x512,8897.0725,9853.70625,956.63375,10.752231,11974.960099,1710,79,1710,,candidate_pool_exhausted,${SCOPE_REPO}\results\experiments\runs\rq2-4060ti-512-r4\parameter_search\512x512x512\search.json
phase3_parameter_search_disabled,cuda,512x512x512,8897.0725,8897.0725,0.0,0.0,7.167688,1,1,1,10,parameter_search_disabled,${SCOPE_REPO}\results\experiments\runs\rq2-4060ti-512-r4\parameter_search\512x512x512\search.json
